A Unit of Jivanta Hospitals Private Limited,Udaipur,Chhattisgarh
Aanchal Nursing Home,Raipur,Chhattisgarh
aaRBee Institute of Medical Sciences,Bilaspur,Chhattisgarh
Aarogya Clinic,Durg,Chhattisgarh
Aarogya Hospital,Raipur,Chhattisgarh
Aarogya Hospital & Test Tube Baby Center,Raipur,Chhattisgarh
Aarogyadham Nursing Home,Raipur,Chhattisgarh
Aarogyashree Hospital Marwahi,Bilaspur,Chhattisgarh
Aashirwad Hospital,Raipur,Chhattisgarh
Aayush Hospital & Maternity Home,Raipur,Chhattisgarh
Aayush Hospital and Maternity Home,Raipur,Chhattisgarh
Abha Homoeo Clinic And Pharmacy,Bhilai,Chhattisgarh
Abhilasha Hospital,Bilaspur,Chhattisgarh
Abilasha Hospital,Bilaspur,Chhattisgarh
Acupressure Health Care India,Raipur,Chhattisgarh
Aditya Agri Clinic,Bijapur,Chhattisgarh
Aditya Hospita,Raipur,Chhattisgarh
Aditya Nursing Home,Mahasamund,Chhattisgarh
Advance Clinic Sakti,Sakti,Chhattisgarh
Advanced Dental Clinic,Raipur,Chhattisgarh
Agrasen Hospital,Raipur,Chhattisgarh
Agrawal Hospital(Unit Of Agrawal Institute Of Medical Sciences),Raipur,Chhattisgarh
Agrawal Polyclinic And Nursing Home,Durg,Chhattisgarh
Agri Clinic Khushali Kisan Sewa Kendra,Sitapur,Chhattisgarh
Ahluwalia Hospital,Raipur,Chhattisgarh
Ahluwalia Nursing Home,Raipur,Chhattisgarh
AIIMS,Raipur,raipur
AIIMS Hospital,Raipur,Chhattisgarh
AIIMS Hospital Raipur,Raipur,Chhattisgarh
Ajwani Hospital,Raipur,Chhattisgarh
Akalpurakh Nursing Home,Mahasamund,Chhattisgarh
Akshay Hospital,Korba,Chhattisgarh
Al Ameen Dental College & Hospital,Bijapur,Chhattisgarh
Alfa Hospital,Raipur,Chhattisgarh
Alhabeeb Hospital,Udaipur,Chhattisgarh
Ali hospital,Korba,Chhattisgarh
Alokik Hospital And Research Centre,Udaipur,Chhattisgarh
Amantran Beauty Clinic,Raipur,Chhattisgarh
Amrit Kalash Hospital,Durg,Chhattisgarh
Anand Hospital,Raipur,Chhattisgarh
Anjali Children Hospital,Raipur,Chhattisgarh
Anjali Health Center,Raipur,Chhattisgarh
Ankush Hospitals,Raipur,Chhattisgarh
Anubhas Nutrition Clinic,Raipur,Chhattisgarh
Apex Eye Hospital and Retina Center,Durg,Chhattisgarh
Apex Hospital And Test Tube Baby Center,Raigarh,Chhattisgarh
Apollo B. S. R. Hospital,Bhilai,Chhattisgarh
Apollo Bsr Hospital,Durg,Chhattisgarh
Apollo Diognostic Centre,Raipur,raipur
Apollo Hospital,Bilaspur,Chhattisgarh
Apollo Hospital Bacheli,Bacheli,Chhattisgarh
Apollo Hospital Bilaspur,Bilaspur,Chhattisgarh
Apollo Hospital Enterprise Ltd.,Bilaspur,Chhattisgarh
APOLLO HOSPITALAPOLLO PHARMACY,Bilaspur,Chhattisgarh
Apollo Hospitals,Bilaspur,Chhattisgarh
Apollo Hospitals - Bilaspur,Bilaspur,Chhattisgarh
Apollo Hospitals Enterprise Limited,Dantewada,Chhattisgarh
Apollo Hospitals-Bilaspur,Bilaspur,Chhattisgarh
Arihant Hospital,Raipur,Chhattisgarh
Arihant Hospital,Surguja,Chhattisgarh
Arihant Netralaya,Raipur,Chhattisgarh
Ashirwad Laser and Phaco Eye Hospital,Bilaspur,Chhattisgarh
Ashirwad Nursing Home,Bilaspur,Chhattisgarh
Ashish Dental Hospital,Bilaspur,Chhattisgarh
Ashok Prasuti Mandir,Bilaspur,Chhattisgarh
Ashoka Super Speciality Hospital and Research Centre,Raipur,Chhattisgarh
Ashoka Super Speciality Women Hospital,Raipur,Chhattisgarh
Ashoka Super Speciality Women Hospital And Research Private Limited,Raipur,Chhattisgarh
Asian Dental Hospital,Raipur,Chhattisgarh
Assisi Shanti Bhavan,Narayanpur,Chhattisgarh
Astha Nursing Home,Raipur,Chhattisgarh
Aum Hospital,Durg,Chhattisgarh
Auqual Hair Clinic,Raipur,Chhattisgarh
Auyush Hospital,Raipur,Chhattisgarh
Ayush Hospital and Maternity Home,Raipur,Chhattisgarh
Ayushman Clinic,Bilaspur,Chhattisgarh
Ayushman Hospital and Diagnostic Institute,Raipur,Chhattisgarh
B. M. Shah Hospital & Medical Research Center,Durg,Chhattisgarh
B. M. Shah Hospital & Medical Research Center,Bhilai,Chhattisgarh
B. S. P. Hospital Sector-1,Bhilai,Chhattisgarh
Bachpan Hospital,Raipur,Chhattisgarh
Bagdi Nursing Home,Raipur,Chhattisgarh
Bajaj Nursing Home,Bilaspur,Chhattisgarh
Bajpai Dental Hospital & Implant Centre,Baloda Bazar,Chhattisgarh
Bakshi Nursing Home,Kawardha,Chhattisgarh
Bal Gopal Child Hospital,Raipur,Chhattisgarh
Bal Gopal Childern Hospital,Raipur,Chhattisgarh
Bal Gopal Children Hospital,Raipur,Chhattisgarh
Bala G Dental Clinic,Korba,Chhattisgarh
Balaji Super Speciality Hospital,Raipur,raipur
BALCO Medical Centre,Raipur,Chhattisgarh
Bancchor Dental Clinic,Bhilai,Chhattisgarh
Banchhor Dental Clinic,Bhilai,Chhattisgarh
Bansal Nursing Home,Bastar,Chhattisgarh
Banthia Hospital,Raipur,Chhattisgarh
Bastar Seva Hospital,Bastar,Chhattisgarh
Belco Hospital,Korba,Chhattisgarh
Bethel Hospital,Bastar,Chhattisgarh
Bhagwati Nursing Home,Dhamtari,Chhattisgarh
Bhalia Dental And Orthodontic Care Clinic,Bhilai,Chhattisgarh
Bharat Hospital,Mahasamund,Chhattisgarh
Bharati Hospital,Bilaspur,Chhattisgarh
Bharati Hospital,Mahasamund,Chhattisgarh
Bhargava Hospital,Bilaspur,Chhattisgarh
Bhaskar Eye Care,Raipur,Chhattisgarh
Bhattacharya Eye Clinic,Rajnandgaon,Chhattisgarh
Bhattar Hospital,Raipur,Chhattisgarh
Bhavesh Health Clinic,Durg,Chhattisgarh
Bhilai Dental Clinic,Bhilai,Chhattisgarh
Bhilai Gayatri Hospital,Bhilai,Chhattisgarh
Bhilai Hospital,Durg,Chhattisgarh
Bhilai Nursing Home,Bhilai,Chhattisgarh
Bhriegu Nursing Home,Raipur,Chhattisgarh
Bhrigu Hospital,Raipur,Chhattisgarh
Bilaspur Hospital,Bilaspur,Chhattisgarh
Bothra Hospital - Government Hospital,Raipur,Chhattisgarh
BSF Hospital,Durg,Chhattisgarh
BSR Superspeciality Hospital Rajnandgaon,Rajnandgaon,Chhattisgarh
Budhia Hospital and Maternity Home,Bilaspur,Chhattisgarh
CACSGL Hospital,Champa,Chhattisgarh
Cancer Care Nursing Home,Kawardha,Chhattisgarh
Care Dental Clinic,Durg,Chhattisgarh
Care Hospitals,Raipur,Chhattisgarh
Care N Cure Hospital,Bilaspur,Chhattisgarh
Care N Cure Multspeciality Hospital,Bilaspur,Chhattisgarh
Central Hospital,Manendragarh,Chhattisgarh
Central Medical Stores J L N Hospital & Research Center,Bhilai,Chhattisgarh
Chahak Hospital,Raipur,Chhattisgarh
Champa Christian Hospital,Champa,Chhattisgarh
Champa Hospital & Fertility Centre,Champa,Chhattisgarh
Chandulal Chandrakar Memorial Hospital,Bhilai,Chhattisgarh
Chandulal Chandrakar Memorial Hospital Bhilai,Bhilai,Chhattisgarh
Chandulal Chandrakar Memorial Hospital Pvt. Ltd.,Durg,Chhattisgarh
Charan Nursing Home,Bilaspur,Chhattisgarh
Chhatisgarh Hospital,Raipur,Chhattisgarh
Chhattisgarh Dental Hospital,Raipur,Chhattisgarh
Chhattisgarh Eye Hospital,Raipur,Chhattisgarh
Chhattisgarh Hospital,Raipur,Chhattisgarh
Chhattisgarh Institute of Medical Sciences,Bilaspur,Chhattisgarh
Child Care Hospital,Raipur,Chhattisgarh
Children's Hospital,Bilaspur,Chhattisgarh
Christian Hospital,Mungeli,Chhattisgarh
Christian Hospital Mungeli,Mungeli,Chhattisgarh
City Homeopathic Clinic,Bhilai,Chhattisgarh
City Hospital,Bilaspur,Chhattisgarh
City Hospital,Raigarh,Chhattisgarh
City Hospital And Research Centre,Raipur,Chhattisgarh
Civil Dispensary Baradwar,Baradwar,Chhattisgarh
Civil Dispensary Shivrinarayan,Shivrinarayan,Chhattisgarh
Civil Hospital,Raigarh,Chhattisgarh
Clinical Path Lab,Raipur,Chhattisgarh
Community based Eye Services Christian Fellowship Hospital,Rajnandgaon,Chhattisgarh
Community Health Center,Raipur,Chhattisgarh
Community Health Center,Koriya,Chhattisgarh
Community Health Center,Janjgir-Champa,Chhattisgarh
Community Health Center,Durg,Chhattisgarh
Community Health Center,Korba,Chhattisgarh
Community Health Center,Bilaspur,Chhattisgarh
Community Health Center,Kanker,Chhattisgarh
Community Health Center,Surguja,Chhattisgarh
Community Health Center,Bastar,Chhattisgarh
Community Health Center,Jashpur,Chhattisgarh
Community Health Center,Mahasamund,Chhattisgarh
Community Health Center,Raigarh,Chhattisgarh
Community Health Center,Durgukondal,kanker
Community Health Center,Gharghoda,raigarh
Community Health Centre,Raipur,Chhattisgarh
Community Health Centre,Raigarh,Chhattisgarh
Community Health Centre,Gaurella-Pendra-Marwahi,Chhattisgarh
Community Health Centre,Bilaspur,Chhattisgarh
Community Health Centre,Janjgir-Champa,Chhattisgarh
Community Health Centre,Durg,Chhattisgarh
Community Health Centre (CHC) Bhairamgarh,Bijapur,Chhattisgarh
Community Health Centre (CHC) Hospital,Kondagaon,Chhattisgarh
Community Health Centre (CHC) Nagari,Dhamtari,Chhattisgarh
Community Health Centre (CHC) Orcha,Narayanpur,Chhattisgarh
Community Health Centre (CHC) Pipariya,Kawardha,Chhattisgarh
Community Health Centre (CHC) Usoor,Bijapur,Chhattisgarh
Comprehensive Blood And Cancer Centers,Raipur,Chhattisgarh
Cseb Hospital,Korba,Chhattisgarh
Ct Hospital,Rajnandgaon,Chhattisgarh
Dadaji Multispeciality Dental Clinic & Smile Designing Center,Rajnandgaon,Chhattisgarh
Dandekar Nursing Home,Korba,Chhattisgarh
Dani Hospital,Durg,Chhattisgarh
Dani Surgical Nursing Home,Durg,Chhattisgarh
Dental Care Clinic,Durg,Chhattisgarh
Dental Clinic,Jagdalpur,Chhattisgarh
DENTIQUE The Dental Clinic,Bhilai,Chhattisgarh
Devi Laxmi Hospital,Raipur,Chhattisgarh
Devi Laxmi Hospital & Prasutigrih,Raipur,Chhattisgarh
Devi Saraswati Mother and Child Welfare Center,Raipur,Chhattisgarh
Devika Nursing Home,Sindhi Colony,Station Road
Devkripa Hospital and Doctor Plaza,Raipur,Chhattisgarh
Dhamtari Christian Hospital,Dhamtari,Chhattisgarh
Dhamtari Christian Hospital,Raipur,Chhattisgarh
Dhamtari Krishan Hospital,Dhamtari,Chhattisgarh
Dhanvantari Multispeciality Hospital,Bijapur,Chhattisgarh
Dhanvantri Hospital,Raipur,Chhattisgarh
Dhanwantari Hospital,Raipur,Chhattisgarh
Dist Hospital Bijapur,Bijapur,Chhattisgarh
District Ayurvedic Hospital,Bilaspur,Chhattisgarh
District Hospital,Baloda Bazar,Chhattisgarh
District Hospital,Koriya,Chhattisgarh
District Hospital,Bilaspur,Chhattisgarh
District Hospital,Rajnandgaon,Chhattisgarh
District Hospital,Dhamtari,Chhattisgarh
District Hospital,Surguja,Chhattisgarh
District Hospital,Bijapur,Chhattisgarh
District Hospital Baikunthpur,Baikunthpur,Chhattisgarh
District Hospital Balodabazar,Baloda Bazar,Chhattisgarh
District Hospital Bemetara,Bemetara,Chhattisgarh
District Hospital Jaspur Nagar,Jaspur,Chhattisgarh
Divyakamal Hospital,Bilaspur,Chhattisgarh
Diwan Opticals & Optometric Clinic,Raipur,Chhattisgarh
DKS Super Speciality Hospital,Raipur,Chhattisgarh
Dog Clinic Bhilai Durg Chhttisgarh,Bhilai,Chhattisgarh
Dr Alok Dixits Clinic,Bhilai,Chhattisgarh
Dr BatraÂ’s Homeopathy,Hair & Skin Clinic,bilaspur
Dr Bhagat Surgical Clinic,Bhilai,Chhattisgarh
Dr Bs Dhruw Clinic,Raipur,Chhattisgarh
Dr Chatrapal Dental Clinic,Bilaspur,Chhattisgarh
Dr Diddiqui Eye Hospital,Durg,Chhattisgarh
Dr Diwakar Sonography Clinic,Durg,Chhattisgarh
Dr Firdausi Ayurvedic Poly Clinic And Research Center,Ambikapur,Chhattisgarh
Dr G Govindani Nursing Home,Mahasamund,Chhattisgarh
Dr Kalvit Nursing Home and Infertility Center,Bilaspur,Chhattisgarh
Dr M K Khanduja Clinic,Bhilai,Chhattisgarh
Dr Pants Paediatric Speciality Clinic,Raipur,Chhattisgarh
Dr Praveen Jain Clinic,Durg,Chhattisgarh
Dr Rupa Jha Clinic,Raigarh,Chhattisgarh
Dr Sahu Residential Clinic,Kanker,Chhattisgarh
Dr Sandhya Dental Clinic,Bhilai,Chhattisgarh
Dr Sharma Hospital and Maternity Home,Bilaspur,Chhattisgarh
Dr Verma Eye Clinic & Opticians,Bhilai,Chhattisgarh
Dr. Abbas Naqvi Clinic,Raipur,Chhattisgarh
Dr. Akanksha's Dental Maxillofacial Cosmetic And Anti Aging Clinic,Raipur,Chhattisgarh
Dr. Amit Integrated Dental Care Clinic,Bilaspur,Chhattisgarh
Dr. Arpita Namdeo Yadav (Care And Cure Hospital),Raipur,Chhattisgarh
Dr. Atul Tiwari Clinic,Raipur,Chhattisgarh
Dr. B. R. Ambedkar Memorial Hospital,Raipur,Chhattisgarh
Dr. Bhim Rao Ambedkar Memorial Hospital,Raipur,Chhattisgarh
Dr. BNM Rural Ayurved Medical College & Hospital,Bijapur,Chhattisgarh
Dr. Deshkar Nursing Home,Bilaspur,Chhattisgarh
Dr. Gautam Dental Clinic,Chirimiri,Chhattisgarh
Dr. Hanish Sharma's Clinic,Raipur,Chhattisgarh
Dr. Jaulkar Ent Hospital,Raipur,Chhattisgarh
Dr. K S Pandaw (Akanksha Dental Clinic),Raipur,Chhattisgarh
Dr. Karan Nursing Home,Manendragarh,Chhattisgarh
Dr. Liu'S Dental Clinic,Bhilai,Chhattisgarh
Dr. M R Bhagwat Memorial Hospital,Raipur,Chhattisgarh
Dr. M. R. Bhagwat Memorial Hospital,Raipur,Chhattisgarh
Dr. Ma Dental Clinic,Jagdalpur,Chhattisgarh
Dr. Mahule Clinic,Ambikapur,Chhattisgarh
Dr. Noopur Mishra Homeopathic Clinic,Durg,Chhattisgarh
Dr. Padhi Clinic,Bastar,Chhattisgarh
Dr. Pants Clinic For Children,Raipur,Chhattisgarh
Dr. Piyush Agrawal,Raigarh,Chhattisgarh
Dr. Pratima Rathod Clinic,Raipur,Chhattisgarh
Dr. R L Hospital,Raigarh,Chhattisgarh
Dr. R. L. Hospital & IVF Centre,Raigarh,Chhattisgarh
Dr. Rajehwari Kulkarni Surgical Hospital And Dia,Raipur,Chhattisgarh
Dr. Rupa Jha Clinic,Raigarh,Chhattisgarh
Dr. Sahu Clinic,Raipur,Chhattisgarh
Dr. Saleems Iccu and Critical Care Nusing Home,Bilaspur,Chhattisgarh
Dr. Sandeep Bhagwat Orthopedic Hospital,Raipur,Chhattisgarh
Dr. Sarna Nursing Home,Raipur,Chhattisgarh
Dr. Shrikant Rajimawale (yashwant Hospital),Raipur,Chhattisgarh
Dr. Tiwaris Maternity And Nursing Home,Raipur,Chhattisgarh
Dr. Vivian Rahim Faith & Hope Hospital,Raipur,Chhattisgarh
Dubey Dental Clinic,Durg,Chhattisgarh
Dubey Nursing Home,Bilaspur,Chhattisgarh
Effilux Bass Clinic,Raipur,Chhattisgarh
Ekta Hospital,Raipur,Chhattisgarh
Ekta Institute Of Child Health,Raipur,Chhattisgarh
Ent Clinic,Bhilai,Chhattisgarh
Escort Heart Center (A Unit Of Fortis Network Hosp),Raipur,Chhattisgarh
Evangelical Mission Hospital,Raipur,Chhattisgarh
Eye and Ent Hospital,Raipur,Chhattisgarh
Eyeconic Beauty Clinic and Spa,Bilaspur,Chhattisgarh
F R U Sanetorium,Bilaspur,Chhattisgarh
Faith And Hope Nursing Home and I. C. C. U,Raipur,Chhattisgarh
Farishta Hospital,Raipur,Chhattisgarh
Farishta Nursing Home,Raipur,Chhattisgarh
Fortis Hospital,Raigarh,Chhattisgarh
Fortis O P Jindal Hospital,Raigarh,Chhattisgarh
Fortis O P Jindal Hospital And Research Center,Raigarh,Chhattisgarh
Fortis O. P. Jindal Hospital,Raigarh,Chhattisgarh
Fortis O. P. Jindal Hospital &Research Centre,Raigarh,Chhattisgarh
Fortis Op Jindal Hospital,Raigarh,Chhattisgarh
Gajanan Memorial Hospital,Bilaspur,Chhattisgarh
Ganapati Netralaya,Bhilai,Chhattisgarh
Ganga Life Care Hospital,Raipur,Chhattisgarh
Ganga Nursing Home,Raigarh,Chhattisgarh
Ganpati Hospital (Banthia Hospital),Raipur,Chhattisgarh
Gautam Hospital,Kanker,Chhattisgarh
Gawari Ivf Center and Nursing Home,Raipur,Chhattisgarh
Gayatri Biochemic Hospital,Durg,Chhattisgarh
Gayatri Hospital,Raipur,Chhattisgarh
Gb Advanced Diagnostic Centre,Bilaspur,Chhattisgarh
Gbg Kidney Care Hospital,Raipur,Chhattisgarh
GBH American Hospital,Udaipur,Chhattisgarh
GD Hospital,Bhilai,Chhattisgarh
Geetanjali Medical College & Hospital,Udaipur,Chhattisgarh
Ghosh Surgical Nursing Home,Bilaspur,Chhattisgarh
Gindodi Devi Memorial Charitable Research Center,Durg,Chhattisgarh
Goraj Children Hospital,Kawardha,Chhattisgarh
Goverment Community Health Centre,Janjgir-Champa,Chhattisgarh
Goverment Primary Health Centre,Bilaspur,Chhattisgarh
Government Civil Hospital,Raigarh,Chhattisgarh
Government Civil Hospital,Raipur,Chhattisgarh
Government Civil Hospital,Jashpur,Chhattisgarh
Government Community Health Center,Durg,Chhattisgarh
Government Homeopathy Hospital,Bilaspur,Chhattisgarh
Government Homeopathy Hospital,Manendragarh,Chhattisgarh
Government Hospital,Raipur,Chhattisgarh
Government Hospital,Raigarh,Chhattisgarh
Government Hospital,Durg,Chhattisgarh
Government Hospital,Janjgir-Champa,Chhattisgarh
Government Hospital,Korea,Chhattisgarh
Government Hospital,Rajnandgaon,Chhattisgarh
Government Hospital,Surguja,Chhattisgarh
Government Hospital,Mahasamund,Chhattisgarh
Government Hospital,Kanker,Chhattisgarh
Government Hospital,Jashpur,Chhattisgarh
Government Hospital,Champa,Chhattisgarh
Government Hospital Patan,Raipur,Chhattisgarh
Government Maharana Bhopal Hospital,Udaipur,Chhattisgarh
Government Medical College,Bastar,Chhattisgarh
Government Primary Health Care Centre,Raipur,Chhattisgarh
Government Primary Health Centre (PHC),Komakhan,mahasamund
Government Primary Health Centre (PHC),Patsendri,mahasamund
Government T. B. Hospital,Raipur,Chhattisgarh
Government Urban Primary Health Centre,Surguja,Chhattisgarh
Goyal Surgical Care,Raigarh,Chhattisgarh
Gupta Dental Clinic,Raipur,Chhattisgarh
Gupta Homeopathic Clinic,Korba,Chhattisgarh
Gupta Nursing Home,Durg,Chhattisgarh
Gurukripa Prasuti and Nursing Home,Raipur,Chhattisgarh
Gurunanak Hospital,Raipur,Chhattisgarh
Heart Care Centre,Raipur,Chhattisgarh
Heera Dental Clinic,Dhamtari,Chhattisgarh
Heritage Hospital,Raipur,Chhattisgarh
Holy Cross Hospital,Jashpur,Chhattisgarh
Holy Cross Hospital,Surguja,Chhattisgarh
Homeo Veterinary Clinic,Bhilai,Chhattisgarh
Homeopathic Care Clinic,Bhilai,Chhattisgarh
Homeopathic Cure Clinic,Raipur,Chhattisgarh
Homoeopathic Clinic,Dhamtari,Chhattisgarh
Hospital,Bhilai,Chhattisgarh
Hospital Care Services,Raipur,Chhattisgarh
Hospital Name,City,State
HTS Therapy Clinic,Raipur,Chhattisgarh
Ideal Cure Superspeciality Homeopathic Clinic,Durg,Chhattisgarh
Imi Multispeciality Hospital,Bhilai,Chhattisgarh
Indira Infertillity Clinic & Research Centre,Udaipur,Chhattisgarh
Indra Gandhi District Hospital,Korba,Chhattisgarh
Infectious Disease Hospital,Raipur,Chhattisgarh
Ishaana Child Care Clinic,Raipur,Chhattisgarh
J J Hospital,Bilaspur,Chhattisgarh
J L N Hospital & Research Centre,Bhilai,Chhattisgarh
J L N Hospital and Research Centre,Bhilai,Chhattisgarh
Jachman Memorail Mission Hospital,Bilaspur,Chhattisgarh
Jackman Memorial Mission Hospital Bilaspurc. g,Bilaspur,Chhattisgarh
Jagannath Hospital,Raipur,Chhattisgarh
Jagjivan Urology Centre,Raipur,Chhattisgarh
Jai Gurudev Dental Clinic,Rajnandgaon,Chhattisgarh
Jain Dental Clinic,Bhilai,Chhattisgarh
Jain Hospital,Raipur,Chhattisgarh
Jain Nursing Home,Mahasamund,Chhattisgarh
Jamul Nursing Home,Durg,Chhattisgarh
Jan Swasthaya Sahyog,Bilaspur,Chhattisgarh
Jana Swani Eye Clinic,Raipur,Chhattisgarh
Janaswamy Foundation (Janaswamy Eye Clinic),Raipur,Chhattisgarh
Jankalyan Hospital,Bhilai,bhilai
Jawahar Lal Nehru Hospital & research centre,Bhilai,Chhattisgarh
Jawaharlal Nehru Hospital & Research Centre,Bhilai.,bhilai
Jawaharlal Nehru Hospital and Research Center,Bhilai,Chhattisgarh
Jayanti Hospital,Durg,Chhattisgarh
Jeevan Jyoti Hospital,Raipur,Chhattisgarh
Jeevan Jyoti Hospital Jamul,Bhilai,Chhattisgarh
Jeewan Memorial Hospital For Plastic Surgery and Uro,Raipur,Chhattisgarh
JLN Hospital & Research Centre Bhilai,Bhilai,Chhattisgarh
JLNHospital And Research Centre,Bhilai,Chhattisgarh
Jmj Morning Star Hospital,Raigarh,Chhattisgarh
Jubesta Hospital,Raipur,Chhattisgarh
Jyoti Hospital and Prasuti Griha,Raipur,Chhattisgarh
K G N Surical and Maternity Centre,Raipur,Chhattisgarh
K. G. Maternity Home,Bhilai,Chhattisgarh
K. M. Hospital,Raipur,Chhattisgarh
Kabirdham Fracture Hospital and Trauma Center,Kawardha,Chhattisgarh
Kalda Nursing Home,Raipur,Chhattisgarh
Kalda Plastic and Cosmetic Surgery Institute and Burn Centre,Raipur,Chhattisgarh
Kale Nursing Home,Bastar,Chhattisgarh
Kaliyani Mutispylist Dental Clinic,Durg,Chhattisgarh
Kalyani Maternity Hospital,Bilaspur,Chhattisgarh
Kamala Memorial Hospital,Manendragarh,Chhattisgarh
Kamla Hospital,Balod,Chhattisgarh
Kamlesh Netralaya and Kurana Dant Chikitsalay,Surguja,Chhattisgarh
Kanwar Nursing Home,Raipur,Chhattisgarh
Karma Hospital,Raipur,Chhattisgarh
Karuna Hospital,Bhilai,Chhattisgarh
Kashyap Physiotherapy Clinic,Raipur,Chhattisgarh
Kaushalya Devi Surgical Memorial Maternity Nursing,Bilaspur,Chhattisgarh
Kawardha Fracture Hospital & Trauma Center,Kawardha,Chhattisgarh
Kaya Kalp Ayurvedic Clinic,Bilaspur,Chhattisgarh
Khanak Hospital,Raipur,Chhattisgarh
Khemka Hospital,Raipur,Chhattisgarh
Kidney Care Hospital,Bijapur,Chhattisgarh
Kidney Care Hospital & Research Center,Udaipur,Chhattisgarh
Kilkari Hospital,Bilaspur,Chhattisgarh
Kilkari Hospital,Raipur,Chhattisgarh
Kims Hospital,Bilaspur,Chhattisgarh
KIMS Super Speciality Hospital,Bilaspur,Chhattisgarh
Korba Hospital,Korba,Chhattisgarh
Kothari Nursing Home,Durg,Chhattisgarh
Krishna Hospital,Korba,Chhattisgarh
Krishna Nursing Home,Durg,Chhattisgarh
Kundla Memorial Hopital,Surguja,Chhattisgarh
Kv Clinical Research Services,Raipur,Chhattisgarh
La Chandani Hospital,Bilaspur,Chhattisgarh
Ladikar Hospital,Bilaspur,Chhattisgarh
Lal Bahadur Shastri Civil Hospital,Durg,Chhattisgarh
Lalchandani Hospital,Bilaspur,Chhattisgarh
Late Banshidhan Mukim Smriti Shalya Chikitsa Kendra,Bilaspur,Chhattisgarh
Lav Handi Hospital,Raipur,Chhattisgarh
Lavanya Womens Health Skin & Laser Clinic,Raipur,Chhattisgarh
Life Care Hospital,Bilaspur,Chhattisgarh
Life Care Hospital And Emergency Care Unit,Bilaspur,Chhattisgarh
Life Linee Aarang Hospital,Raipur,Chhattisgarh
Lifeworth Super Speciality Hospital / Pjlnm Medical College,Raipur,Chhattisgarh
Ll Paliwal Memorial Hospital,Bilaspur,Chhattisgarh
Luthra Hospital And Research Centre,Bilaspur,Chhattisgarh
M D Hospital and Iccu,Raipur,Chhattisgarh
M M Hospital,Bilaspur,Chhattisgarh
M P M Hospital,Bastar,Chhattisgarh
M. D. Modi Memorial Hospital,Bilaspur,Chhattisgarh
M. M. Hospital,Raipur,Chhattisgarh
M. M. I. Narayana Superspeciality Hospital,Raipur,Chhattisgarh
M. P. M. Hospital,Jagdalpur,Chhattisgarh
M. P. Nursing Home,Durg,Chhattisgarh
Maa Ashta Bhuja Dharmarth Chikitsalaya,Durg,Chhattisgarh
Maa Babmleshwari Dharmarth Chikitsalaya,Rajnandgaon,Chhattisgarh
Maa Sharda Hospital,Raipur,Chhattisgarh
Maa Sharda Nursing Home,Raipur,Chhattisgarh
Mahadev Hospital,Raipur,Chhattisgarh
Mahadev Superspeciality Hospital,Bilaspur,Chhattisgarh
Mahamaya Clinic,Raipur,Chhattisgarh
Maharana Bhupal Hospital,Udaipur,Chhattisgarh
Maharana Pratap Hospital,Udaipur,Chhattisgarh
Maharani Hospital,Bastar,Chhattisgarh
Mahima Hospital,Raipur,Chhattisgarh
Mahima Hospital,Durg,Chhattisgarh
Mahule Clinic,Ambikapur,Chhattisgarh
Makhija Ivf Centre,Bilaspur,Chhattisgarh
Malik Dental Clinic & Implant Centre,Raipur,Chhattisgarh
Manas Homeopathic Clinic,Balrampur,Chhattisgarh
Mandle Clinic,Raipur,Chhattisgarh
Manglam Hospital,Durg,Chhattisgarh
Mani Dental Clinic,Udaipur,Chhattisgarh
Manopchar Nursing Home,Raipur,Chhattisgarh
Mark Hospital The Complete Kidney Care,Bilaspur,Chhattisgarh
Martin Hospital,Dhamtari,Chhattisgarh
Maurya Nursing Home,Durg,Chhattisgarh
Medi Center Sonography and Clinical Lab,Udaipur,Chhattisgarh
Medical College Hospital,Raipur,Chhattisgarh
Megh Clinic,Kawardha,Chhattisgarh
Megh Hospital,Kawardha,Chhattisgarh
Mehghani Nursing Home & Surgical Centre,Bilaspur,Chhattisgarh
Mehta Children Nursing Home,Bilaspur,Chhattisgarh
Memon Nursing Home,Raipur,Chhattisgarh
Mera Physio - Physiotherapy & Pain Clinic,Bilaspur,Chhattisgarh
Metro Dental Clinic,Udaipur,Chhattisgarh
Metro Hospital & Diabetes Reaserch Centre,Raigarh,Chhattisgarh
Metro Hospital & Diabetes Research Center,Raigarh,Chhattisgarh
Metro Hospital and Diabetes Research Centre,Raigarh,Chhattisgarh
MGM Eye Hospital,Raipur,Chhattisgarh
Minj Clinic,Jashpur,Chhattisgarh
Mishra Speciality Hospital,Raipur,Chhattisgarh
Mission Hospital Bilaspur,Bilaspur,Chhattisgarh
Mittal Hospital,Raipur,Chhattisgarh
Mittal Hospital,Bilaspur,Chhattisgarh
MM Hospital,Raipur,Chhattisgarh
MMI Narayana Multispeciality Hospital,Raipur,Chhattisgarh
MMI Narayana Super Speciality Hospital,Raipur,Chhattisgarh
Modern Medical Institute,Raipur,Chhattisgarh
Modi Hospital,Raipur,Chhattisgarh
Mother Mary Hospital,Kanker,Chhattisgarh
Multispeciality Homeopathic Clinic,Raipur,Chhattisgarh
Mundra Hospital,Bilaspur,Chhattisgarh
N. K. D. Hospital and Maternity Centre,Raipur,Chhattisgarh
N. M. D. C Apollo Central Hospital,Jagdalpur,Chhattisgarh
N. M. D. C. Apollo Central Hospital,Bacheli,Chhattisgarh
N. M. D. C. Appollo Central Hospital,Bastar,Chhattisgarh
N. T. P. C. Hospital,Korba,Chhattisgarh
Naik Nursing Home,Durg,Chhattisgarh
Navkar Hospital & Maternity Home,Raipur,Chhattisgarh
Nayak Agro Clinic,Mahasamund,Chhattisgarh
Nayak Maternity And Surgical Center,Champa,Chhattisgarh
Nayan Nursing Home,Raipur,Chhattisgarh
Neelkamal Hospital,Bhatapara,Chhattisgarh
Neelkanth Fertility And Women Care Hospital,Udaipur,Chhattisgarh
New Korba Hospital,Korba,Chhattisgarh
New Mission Hospital,Bilaspur,Chhattisgarh
NH M. M. I Narayana Superspeciality Hospital,Raipur,Chhattisgarh
Nibha Mitra Memorial Hospital,Bilaspur,Chhattisgarh
Nidhi Dental Clinic,Durg,Chhattisgarh
Niramaya Hospital,Raipur,Chhattisgarh
Nirogyam Hospital,Raipur,Chhattisgarh
NTPC Hospital,Korba,Chhattisgarh
Nulife Heart Care Emergency Hospital,Bilaspur,Chhattisgarh
O. P. Jindal Hospital & Research Center,Raigarh,Chhattisgarh
O. P. Jindal Hospital and Research Center,Raigarh,Chhattisgarh
Ojjus Goodwill Hospital,Surguja,Chhattisgarh
Om Dental Clinic,Durg,Chhattisgarh
Om Dental Clinic and Implant Center,Raipur,Chhattisgarh
Om Nursing Home,Bilaspur,Chhattisgarh
Om Sai Agri Clinic,Raipur,Chhattisgarh
Om Sai Dental Clinic,Durg,Chhattisgarh
Ora Care Dental Clinic,Raipur,Chhattisgarh
Osteopathy & Yoga Clinic,Bhilai,Chhattisgarh
Parihar Hospital,Kawardha,Chhattisgarh
Patades Institute Of Clinical Research,Bilaspur,Chhattisgarh
Patel Agri Clinic & Business Centre,Raipur,Chhattisgarh
Patel Arabic Clinic,Raigarh,Chhattisgarh
Pearl Beuty Clinic,Bilaspur,Chhattisgarh
Pearl Natural Spa And Beauty Clinic,Bilaspur,Chhattisgarh
Perfect Skin Clinic,Durg,Chhattisgarh
Physio Clinic,Bilaspur,Chhattisgarh
Physiotherapy Clinic,Dhamtari,Chhattisgarh
Piles Care Hospital,Raipur,Chhattisgarh
Poornima Homeopathic Multi Specialist Hospital Kanker,Kanker,Chhattisgarh
PP Jethani Memorial Hospital,Raipur,Chhattisgarh
Pragya Hospital,Raipur,Chhattisgarh
Prakash Hospital,Ambikapur,Chhattisgarh
Prayas Physiotherapy Clinic,Korba,Chhattisgarh
Primary Health Care Center,Raipur,Chhattisgarh
Primary Health Center,Raigarh,Chhattisgarh
Primary Health Center,Bilaspur,Chhattisgarh
Primary Health Center,Raipur,Chhattisgarh
Primary Health Center,Kawardha,Chhattisgarh
Primary Health Center,Jashpur,Chhattisgarh
Primary Health Center,Durg,Chhattisgarh
Primary Health Center,Dhamtari,Chhattisgarh
Primary Health Center,Korba,Chhattisgarh
Primary Health Center,Surguja,Chhattisgarh
Primary Health Centre,Mahasamund,Chhattisgarh
Primary Health Centre,Raipur,Chhattisgarh
Primary Health Centre,Korba,Chhattisgarh
Primary Health Centre,Raigarh,Chhattisgarh
Primary Health Centre,Manendragarh-Chirmiri-Bharatpur,Chhattisgarh
Primary Health Centre,Durg,Chhattisgarh
Primary Health Centre Urban Primary Health Center,Raipur,Chhattisgarh
Prime Multi Speciality Hospital & Research Center,Bilaspur,Chhattisgarh
Privet Clinic,Bhilai,Chhattisgarh
Priyanka Hospital,Durg,Chhattisgarh
Public Health Center,Durg,Chhattisgarh
R B Institute Of Medical Sciences,Bilaspur,Chhattisgarh
R. S. Polyclinic and Diagnostic Center,Raipur,Chhattisgarh
Radiance Hospital And Research Center,Kawardha,Chhattisgarh
Raghav Krishi Clinic,Bilaspur,Chhattisgarh
RAI Clinic,Raipur,Chhattisgarh
Rai Dental Clinic,Bilaspur,Chhattisgarh
Rai Dental Health N Care Clinic,Bilaspur,Chhattisgarh
Raipur Hospital And Research Center,Raipur,Chhattisgarh
Raipur Institute Of Medical Sciences,Raipur,Chhattisgarh
Raipur Multi Specialty Dental Hospital,Raipur,Chhattisgarh
Raipur Multispeciality Dental Hospital,Raipur,Chhattisgarh
Raipura Hospital,Raipur,Chhattisgarh
Raj Agri Clinic & Agri Business Private Limited,Raipur,Chhattisgarh
Rajiv Lochan Ayurvedic Medical College And Hospital,Durg,Chhattisgarh
Rajpriya Surgical Center,Raigarh,Chhattisgarh
Rajvanshi Memorial Hospital,Durg,Chhattisgarh
Ramakrishna Care Hospital,Raipur,Chhattisgarh
Rameshwaram Hospital,Dhamtari,Chhattisgarh
Ramkrishna Care Hospital,Raipur,Chhattisgarh
Rathor Dental Care Clinic,Raipur,Chhattisgarh
Reigional Hospital,Bilaspur,Chhattisgarh
Revival Medical Centre,Bhilai,Chhattisgarh
Ritesh Hospital,Raipur,Chhattisgarh
rK ENT hospital,Bhilai,Chhattisgarh
RO Hospital,Janjgir,Chhattisgarh
Roop Jeevan Hospital,Raipur,Chhattisgarh
S S Hospital,Bhilai,Chhattisgarh
S. S. D. Clinical Lab & Blood Bank,Raipur,Chhattisgarh
Sachdev Nursing Home And Diagnostic Centre,Raipur,Chhattisgarh
Sadbhavna Clinic,Raipur,Chhattisgarh
Sahai Hospital & Research Center,Raipur,Chhattisgarh
Sahara Nursing Home,Bilaspur,Chhattisgarh
Sahu Hospital,Raipur,Chhattisgarh
Sai Baba Eye Hospital,Raipur,Chhattisgarh
Sai Baba Hospital Heart And Kidiney,Bilaspur,Chhattisgarh
Sai Baba Nursing Home,Raipur,Chhattisgarh
Sai Dental Clinic,Raipur,Chhattisgarh
Sai Dental Hospital,Raipur,Chhattisgarh
Sai Health Centre,Raipur,Chhattisgarh
Sai Kalyan Hospital,Raipur,Chhattisgarh
Sai Kripa Clinic,Raipur,Chhattisgarh
Sai Kripa Multi Specialty Hospital & Research Center,Korba,Chhattisgarh
Sai Naman Hospital,Durg,Chhattisgarh
Sai Sanjivani Multi Speciality Hospital,Kawardha,Chhattisgarh
Sai Sanjivani Multispeciality Hospital,Kawardha,Chhattisgarh
Sai Sushrusha Hospital,Raipur,Chhattisgarh
Samadhan Endoscopy Clinic,Rajnandgaon,Chhattisgarh
Samadhan Nursing Home,Bilaspur,Chhattisgarh
Samarpan Hospital,Raipur,Chhattisgarh
Samruddi Clinic,Bijapur,Chhattisgarh
Sanjeevani CBCC Cancer Hospital,Raipur,Chhattisgarh
Sanjeevani Cbcc USA Cancer Hospital,Raipur,Chhattisgarh
Sanjeevani CBCC USA Cancer Hospitals,Raipur,Chhattisgarh
Sanjeevani Hospital,Bhilai,Chhattisgarh
Sanjeevani Hospital,Durg,Chhattisgarh
Sanjivan Hospital,Raipur,Chhattisgarh
Sanjivani Hospital,Udaipur,Chhattisgarh
Sanjivani Hospital,Balod,Chhattisgarh
Sanjivani Hospital,Bilaspur,Chhattisgarh
Sanjivani Nursing Home,Raigarh,Chhattisgarh
Sankalp Eye Hospital,Bilaspur,Chhattisgarh
Sankalp Hospital - Ophthalmology,Ambikapur,Chhattisgarh
Sant Ramkumar Clinic,Raigarh,Chhattisgarh
Santosh Eye Clinic,Champa,Chhattisgarh
Saraswati Chandra Hospital,Kawardha,Chhattisgarh
Sarbhai Nursing Home,Raipur,Chhattisgarh
Sardar Vallabh Bhai Patel Medical College Hospital,Bilaspur,Chhattisgarh
Sarvodaya Hospital,Raipur,Chhattisgarh
Sarvodaya Hospital & Maternity Center,Raipur,Chhattisgarh
Saubhagya Hospital,Raipur,Chhattisgarh
Saxena Dental Clinic,Bilaspur,Chhattisgarh
Secl Main Hospital,Korba,Chhattisgarh
Sethi Opticals Eye Clinic,Raipur,Chhattisgarh
Sevasadan Mata Razim Hospital,Raipur,Chhattisgarh
Sewa Bhawan Hospital,Mahasamund,Chhattisgarh
Sewa Bhawan Hospital,Jagdalpur,Chhattisgarh
Sewa Bhawan Hospital,Basana,Chhattisgarh
Shah Nursing Home-Raipur,Raipur,Chhattisgarh
Shaheed Hospital,Balod,Chhattisgarh
Shantiraj Hospital Private Limited,Udaipur,Chhattisgarh
Sharma Netralaya,Bhilai,Chhattisgarh
Shashwat Hospital,Raipur,Chhattisgarh
Shivam Netraly & Laser Center,Raipur,Chhattisgarh
Shivam Nursing Home,Bilaspur,Chhattisgarh
Shivangi Multispeciality Hospital-Bilaspur,Bilaspur,Chhattisgarh
Shre Ramkinkar Medical Institute,Raipur,Chhattisgarh
Shree Aiishwary Care Clinic Skin Hair dental Physiotherapy Clinic,Jagdalpur,Chhattisgarh
Shree Ambey Hospital,Bhilai,Chhattisgarh
Shree Balaji Hospital,Durg,Chhattisgarh
Shree Ganesh Eye Hospital,Raipur,Chhattisgarh
Shree Jagannath Multispeciality Hospital,Raipur,Chhattisgarh
Shree Kalyan Hospital,Bhilai,Chhattisgarh
Shree Krishna Clinic,Rajnandgaon,Chhattisgarh
Shree Medishine Hospital - Raipur,Raipur,Chhattisgarh
Shree Medishine Hospital Raipur,Raipur,Chhattisgarh
Shree Narayana Hospital,Raipur,Chhattisgarh
Shree Ram Hospital,Rajnandgaon,Chhattisgarh
Shree Ram Hospital And Eye Care Centre,Manendragarh,Chhattisgarh
Shree Sai Care Hospital,Raipur,Chhattisgarh
Shree Sai Children Hospital,Raipur,Chhattisgarh
Shree Vinayak Hospital,Durg,Chhattisgarh
Shreyansh Hospital,Raipur,Chhattisgarh
Shreyas Medicaal Hospital,Bhilai,Chhattisgarh
Shri Aurobindo Medical Research Centre,Raipur,Chhattisgarh
Shri Ayurved Hospital,Bilaspur,Chhattisgarh
Shri Balaji Metro Hospital,Raigarh,Chhattisgarh
Shri Balaji Super Speciality Hospital,Raipur,Chhattisgarh
Shri Balaji Super Specialty Hospital,Raipur,Chhattisgarh
Shri Childrens Clinic,Bilaspur,Chhattisgarh
Shri Ganesh Vinayak Eye Hospital,Korba,Chhattisgarh
Shri Ganesh Vinayak Eye Hospital,Raipur,Chhattisgarh
Shri Krishna Dental Clinic,Raigarh,Chhattisgarh
Shri Krishna Hospital,Raipur,Chhattisgarh
Shri Krishna Netralaya,Bilaspur,Chhattisgarh
Shri Mahadevam Hospital,Raipur,Chhattisgarh
Shri Mahaveer Hospital,Raipur,Chhattisgarh
Shri Manulal Memorial Medical Centre,Raipur,Chhattisgarh
Shri Medishine Hospital & Research Center,Raipur,Chhattisgarh
Shri Pran Nath Mission Hospital,Raipur,Chhattisgarh
Shri ram Care Hospital,Bilaspur,Chhattisgarh
SHRI RAM HOSPITAL,Raipur,Chhattisgarh
Shri Ram Hospital and Research Center,Kanker,Chhattisgarh
Shri Sai Krupa Hospital,Bilaspur,Chhattisgarh
Shri Sai Samarth Hospital,Bijapur,Chhattisgarh
Shri Saikripa Homeopathic Superspeciality Clinic,Raipur,Chhattisgarh
Shri Sankalp Hospital,Raipur,Chhattisgarh
Shri Shishu Bhawan,Bilaspur,Chhattisgarh
Shri Shishu Bhawan Hospital,Bilaspur,Chhattisgarh
Shri Swami Narayan Hospital,Raipur,Chhattisgarh
Shri Swami Narayan Hospital,Bilaspur,Chhattisgarh
Shri Vijayadurga Hospital,Raipur,Chhattisgarh
Shri Vishavkantchan Ayurvedic Clinic,Raipur,Chhattisgarh
Shrikrishna Hospital,Raipur,Chhattisgarh
Shriram Care Hospital,Bilaspur,Chhattisgarh
Shriram Hospital,Surguja,Chhattisgarh
Shristi Hospital,Korba,Chhattisgarh
Shristi Institute Of Medical Science And Research Center,Korba,Chhattisgarh
Shukla Multispeciality Hospital,Rajnandgaon,Chhattisgarh
Shweta Nursing Home,Korba,Chhattisgarh
Shyam Care Hospital,Bilaspur,Chhattisgarh
Siddhi Vinayak Hospital,Raipur,Chhattisgarh
Sigma Superspeciality Clinic,Raipur,Chhattisgarh
Sihare Children Hospital,Bilaspur,Chhattisgarh
Singh Clinic,Raipur,Chhattisgarh
Sinha Nursing Home,Bhilai,Chhattisgarh
Skin Care Clinic,Udaipur,Chhattisgarh
Skin Sure Clinic,Raipur,Chhattisgarh
Skj Dental Clinic,Raipur,Chhattisgarh
Smile India Dental Clinic,Udaipur,Chhattisgarh
Smt Ashrafi Devi Women's Hospital,Raigarh,Chhattisgarh
Smt Vimaladevi Hospital Reserch Center,Bilaspur,Chhattisgarh
Smt Vimladevi Hospital Research Center,Bilaspur,Chhattisgarh
SMY-Pandurang Ramarao Dongaonkar District Hospital Durg,Durg,Chhattisgarh
Soni Hospital,Raipur,Chhattisgarh
Soruksh Dental Clinic,Bhilai,Chhattisgarh
Sparsh Hospital,Bhilai,Chhattisgarh
Sparsh Multi SpecialitYes Hospital,Bhilai,Chhattisgarh
Sparsh Multispeciality Hospital,Bhilai,Chhattisgarh
Sparsh MultiSpecialty Hospital,Bhilai,Chhattisgarh
Spine And Skin Clinic,Raipur,Chhattisgarh
SPM Multi Speciality Hospital,Bilaspur,Chhattisgarh
Sree Ganesh Vinayak Eye Hospital,Janjgir-Champa,Chhattisgarh
Sree Vinayak Hospital,Bhilai,Chhattisgarh
Sri Sai Dental Clinic,Janjgir,Chhattisgarh
Sri Sathya Sai baba Hospital,Bhilai,Chhattisgarh
Sri Sathya Sai Sanjeevani Center for Child Heart Care,Raipur,Chhattisgarh
Srijan Beauty Clinic And Boutique,Bhilai,Chhattisgarh
Srishti Children Hospital,Bilaspur,Chhattisgarh
SSK Hospital,Bilaspur,Chhattisgarh
State Primary Health Centre,Koriya,Chhattisgarh
State Psychiatric Hospital,Bilaspur,Chhattisgarh
Sti And Rti Clinic,Bilaspur,Chhattisgarh
Sukham Arogyalya,Mungeli,Chhattisgarh
Sukhnandan Hospital,Mungeli,Chhattisgarh
Super Speciality Poly Clinic,Raipur,Chhattisgarh
Suprita Hospital,Raipur,Chhattisgarh
Suraaj Hospital,Bhilai,Chhattisgarh
Suradha Hospital,Raipur,Chhattisgarh
Suresh Hospital,Udaipur,Chhattisgarh
Suvidha Hospital,Bhilai,Chhattisgarh
Suvidha Multispeciality Hospital,Bhilai,Chhattisgarh
Suyash Hospital,Raipur,Chhattisgarh
Suyash Hospital Medical & Health Care Institute,Raipur,Chhattisgarh
Swapnil Nursing Home & Research Center,Raipur,Chhattisgarh
Swasthya Sanchay Dental Clinic,Balod,Chhattisgarh
Swastik Nursing Home,Raipur,Chhattisgarh
Syuash Hospital,Raipur,Chhattisgarh
T. V. Clinic,Dantewada,Chhattisgarh
Tamrakar Clinic,Pendra,Chhattisgarh
Taori Nursing Home,Raipur,Chhattisgarh
Thakur Clinic,Raigarh,Chhattisgarh
Thakur Hospital,Raipur,Chhattisgarh
Tharani Children Hospital And Dental Clinic,Raipur,Chhattisgarh
Tharani Dental Clinic,Raipur,Chhattisgarh
The Apollo Clinic,Raipur,Chhattisgarh
The Christian Fellowship Hospital,Rajnandgaon,Chhattisgarh
The Leprosy Mission Hospital,Champa,Chhattisgarh
The Skin Clinic,Raipur,Chhattisgarh
Therapy Clinic,Chirimiri,Chhattisgarh
Tiwari Hospital,Bilaspur,Chhattisgarh
Tiwari Hospital,Raipur,Chhattisgarh
Tiwari Manomay Multispecialty Dental Hospital,Bhilai,Chhattisgarh
Tiwari Nursing Home,Raipur,Chhattisgarh
Total Health Clinic And Panchkarma Centre,Bhilai,Chhattisgarh
Tripathi Care Clinic,Raipur,Chhattisgarh
Trivedi Clinic,Udaipur,Chhattisgarh
Triveni Institute Of Dental Sciences Hospital & Research Centre,Bilaspur,Chhattisgarh
Twin City Hospital,Bhilai,Chhattisgarh
Twincity Icu & Medical Centre - Bhilai,Bilaspur,Chhattisgarh
Udaipur Dental Clinic,Udaipur,Chhattisgarh
Udm Surgical Centre And Urological Clinic,Bilaspur,Chhattisgarh
United Hospital,Rajnandgaon,Chhattisgarh
Upadhyay Hospital,Raipur,Chhattisgarh
Urban Primary Health Centre,Raipur,Chhattisgarh
Urban Primary Health Centre,Durg,Chhattisgarh
Urmila Memorial Hospital,Raipur,Chhattisgarh
Urmila Memorial Multispeciality Hospital,Raipur,Chhattisgarh
Vagus Hospital,Bilaspur,Chhattisgarh
Vardaan,Bilaspur,Chhattisgarh
Vardaan Hospital,Raipur,Chhattisgarh
Vardaan Hospital (Unit Of Jindal Medicare),Raipur,Chhattisgarh
Vardan Hospital-Raipur,Raipur,Chhattisgarh
Vardhman Hospital,Durg,Chhattisgarh
Vasudev Hospitals Pvt. Ltd.,Bijapur,Chhattisgarh
V-Care Physiotherapy Clinic & Rehabilitation Centre,Durg,Chhattisgarh
Vedant Ayurved Clinic,Bhilai,Chhattisgarh
Vedanta Cancer Hospital And Research Center,Raipur,Chhattisgarh
Venus Cosmetic Beauty Clinic,Bilaspur,Chhattisgarh
Verma Hospital,Bhilai,Chhattisgarh
Verma Hospital,Durg,Chhattisgarh
Verma Nursing Home-Bilaspur,Bilaspur,Chhattisgarh
Vidya Dental Care Hospital,Raipur,Chhattisgarh
Vidya Hospital & Kidney Center,Raipur,Chhattisgarh
Vinayak Dental Clinic,Bilaspur,Chhattisgarh
Vinayak Hospital,Korba,Chhattisgarh
Vinayak Netralaya,Bilaspur,Chhattisgarh
Virdi Hospital,Raipur,Chhattisgarh
Vishal eye care,Rajnandgaon,Chhattisgarh
Visharad Hospital,Raipur,Chhattisgarh
Vision Center Eye Hospital,Raipur,Chhattisgarh
Vision Eye Care and Surgical Center,Surguja,Chhattisgarh
Vivekanand Hospital,Janjgir,Chhattisgarh
Vivekananda Eye Hospital & Research Centre,Raipur,Chhattisgarh
VY Hospital,Raipur,Chhattisgarh
Vyas Hospital-Bilaspur(Kothi Chowk),Bilaspur,Chhattisgarh
Vyas Hospital-Bilaspur(Near Iti),Bilaspur,Chhattisgarh
We Care Clinic,Durg,Chhattisgarh
Well Care Clinic,Bhilai,Chhattisgarh
Wellness Physiotherapy & Rehabilitation Clinic,Udaipur,Chhattisgarh
Wireless Electro Clinic,Bhilai,Chhattisgarh
Yashwant Hospital-Raipur,Raipur,Chhattisgarh
